{
  "config": {
    "resolution": "512",
    "pbr_views": 8,
    "pbr_resolution": 1024,
    "texture_size": 1024,
    "decimation_target": 500000,
    "iterations": 5
  },
  "warmup": {
    "preprocessing": 47.50339126586914,
    "cond_extraction": 1378.7186279296875,
    "sparse_sampling": 3474.09326171875,
    "shape_slat_sampling": 3174.935302734375,
    "tex_slat_sampling": 2105.638916015625,
    "latent_decoding": 1030.865966796875,
    "mesh_simplify": 1.4387199878692627,
    "pbr_render": 2527.751220703125,
    "glb_export": 6450.56884765625,
    "glb_fill_holes": 10.177472114562988,
    "glb_bvh": 1040.9833984375,
    "glb_remesh": 567.6826171875,
    "glb_uv_unwrap": 2735.03857421875,
    "glb_texture_bake": 1434.1898193359375,
    "glb_finalize": 654.617919921875,
    "total": 20191.514254808426,
    "peak_memory_gb": 6.709595680236816
  },
  "average": {
    "preprocessing": 17.1277916431427,
    "cond_extraction": 743.2012481689453,
    "sparse_sampling": 3292.7725830078125,
    "shape_slat_sampling": 3036.1393432617188,
    "tex_slat_sampling": 1948.9925231933594,
    "latent_decoding": 801.4205017089844,
    "mesh_simplify": 1.3127119839191437,
    "pbr_render": 1979.6058959960938,
    "glb_export": 5789.139892578125,
    "glb_fill_holes": 10.1424241065979,
    "glb_bvh": 1111.9901428222656,
    "glb_remesh": 586.0509643554688,
    "glb_uv_unwrap": 1858.7489318847656,
    "glb_texture_bake": 1449.5972900390625,
    "glb_finalize": 764.5787048339844,
    "total": 17609.7124915421,
    "peak_memory_gb": 6.709598064422607
  },
  "iterations": [
    {
      "preprocessing": 15.080672264099121,
      "cond_extraction": 737.9239501953125,
      "sparse_sampling": 3350.39697265625,
      "shape_slat_sampling": 3078.8037109375,
      "tex_slat_sampling": 2039.575927734375,
      "latent_decoding": 778.0134887695312,
      "mesh_simplify": 1.2789759635925293,
      "pbr_render": 1979.65234375,
      "glb_export": 5815.58984375,
      "glb_fill_holes": 9.714688301086426,
      "glb_bvh": 1163.3194580078125,
      "glb_remesh": 604.2776489257812,
      "glb_uv_unwrap": 1862.5955810546875,
      "glb_texture_bake": 1457.052734375,
      "glb_finalize": 710.3430786132812,
      "total": 17796.31588602066
    },
    {
      "preprocessing": 18.670623779296875,
      "cond_extraction": 786.4990844726562,
      "sparse_sampling": 3319.785400390625,
      "shape_slat_sampling": 2988.23193359375,
      "tex_slat_sampling": 1945.68896484375,
      "latent_decoding": 824.8128662109375,
      "mesh_simplify": 1.3380800485610962,
      "pbr_render": 1971.4124755859375,
      "glb_export": 6012.45068359375,
      "glb_fill_holes": 10.642271995544434,
      "glb_bvh": 1234.2039794921875,
      "glb_remesh": 586.0958251953125,
      "glb_uv_unwrap": 1905.5574951171875,
      "glb_texture_bake": 1441.81494140625,
      "glb_finalize": 826.0897216796875,
      "total": 17868.890112519264
    },
    {
      "preprocessing": 16.50281524658203,
      "cond_extraction": 732.6572265625,
      "sparse_sampling": 3244.337158203125,
      "shape_slat_sampling": 3060.973388671875,
      "tex_slat_sampling": 1896.4039306640625,
      "latent_decoding": 824.6104736328125,
      "mesh_simplify": 1.371135950088501,
      "pbr_render": 1984.951904296875,
      "glb_export": 5616.31005859375,
      "glb_fill_holes": 9.844736099243164,
      "glb_bvh": 1090.968505859375,
      "glb_remesh": 567.269287109375,
      "glb_uv_unwrap": 1767.6103515625,
      "glb_texture_bake": 1431.45263671875,
      "glb_finalize": 741.1434326171875,
      "total": 17378.11809182167
    },
    {
      "preprocessing": 18.257055282592773,
      "cond_extraction": 715.7247314453125,
      "sparse_sampling": 3256.57080078125,
      "shape_slat_sampling": 3016.54833984375,
      "tex_slat_sampling": 1914.30126953125,
      "latent_decoding": 778.2451782226562,
      "mesh_simplify": 1.2626559734344482,
      "pbr_render": 1982.4068603515625,
      "glb_export": 5712.208984375,
      "glb_fill_holes": 10.368000030517578,
      "glb_bvh": 959.4686279296875,
      "glb_remesh": 586.5610961914062,
      "glb_uv_unwrap": 1899.2322998046875,
      "glb_texture_bake": 1468.06884765625,
      "glb_finalize": 780.7385864257812,
      "total": 17395.52587580681
    }
  ]
}