{
  "config": {
    "resolution": "512",
    "pbr_views": 8,
    "pbr_resolution": 1024,
    "texture_size": 1024,
    "decimation_target": 500000,
    "iterations": 5
  },
  "warmup": {
    "preprocessing": 46.91651153564453,
    "cond_extraction": 1500.376220703125,
    "sparse_sampling": 3674.04541015625,
    "shape_slat_sampling": 3396.7373046875,
    "tex_slat_sampling": 2207.582275390625,
    "latent_decoding": 1123.189697265625,
    "mesh_simplify": 1.2902400493621826,
    "pbr_render": 3472.6494140625,
    "glb_export": 5805.736328125,
    "glb_fill_holes": 12.482560157775879,
    "glb_bvh": 1015.2388305664062,
    "glb_remesh": 547.2880249023438,
    "glb_uv_unwrap": 1993.4989013671875,
    "glb_texture_bake": 1488.2860107421875,
    "glb_finalize": 740.7352905273438,
    "total": 21228.52340197563,
    "peak_memory_gb": 20.727232933044434
  },
  "average": {
    "preprocessing": 21.50542426109314,
    "cond_extraction": 746.33251953125,
    "sparse_sampling": 3373.921630859375,
    "shape_slat_sampling": 3092.2508544921875,
    "tex_slat_sampling": 2024.8636169433594,
    "latent_decoding": 942.0955963134766,
    "mesh_simplify": 1.2718079686164856,
    "pbr_render": 2962.3687744140625,
    "glb_export": 5856.3006591796875,
    "glb_fill_holes": 11.453183889389038,
    "glb_bvh": 1063.7135162353516,
    "glb_remesh": 602.6951599121094,
    "glb_uv_unwrap": 1949.3067016601562,
    "glb_texture_bake": 1477.1567687988281,
    "glb_finalize": 744.3066101074219,
    "total": 19020.910883963108,
    "peak_memory_gb": 20.727235317230225
  },
  "iterations": [
    {
      "preprocessing": 16.160991668701172,
      "cond_extraction": 751.905029296875,
      "sparse_sampling": 3608.645751953125,
      "shape_slat_sampling": 3327.2470703125,
      "tex_slat_sampling": 2253.48193359375,
      "latent_decoding": 969.7402954101562,
      "mesh_simplify": 1.2184319496154785,
      "pbr_render": 2944.310302734375,
      "glb_export": 5795.9140625,
      "glb_fill_holes": 11.195615768432617,
      "glb_bvh": 1074.900390625,
      "glb_remesh": 610.0088500976562,
      "glb_uv_unwrap": 1901.5118408203125,
      "glb_texture_bake": 1491.17236328125,
      "glb_finalize": 699.8928833007812,
      "total": 19668.623869419098
    },
    {
      "preprocessing": 15.153504371643066,
      "cond_extraction": 723.4068603515625,
      "sparse_sampling": 3297.247314453125,
      "shape_slat_sampling": 3007.04248046875,
      "tex_slat_sampling": 1970.3138427734375,
      "latent_decoding": 909.4736938476562,
      "mesh_simplify": 1.291327953338623,
      "pbr_render": 2933.9296875,
      "glb_export": 5904.86083984375,
      "glb_fill_holes": 11.344799995422363,
      "glb_bvh": 1114.3897705078125,
      "glb_remesh": 624.57080078125,
      "glb_uv_unwrap": 1926.66650390625,
      "glb_texture_bake": 1458.26708984375,
      "glb_finalize": 761.7373657226562,
      "total": 18762.719551563263
    },
    {
      "preprocessing": 22.73472023010254,
      "cond_extraction": 729.0213623046875,
      "sparse_sampling": 3302.527099609375,
      "shape_slat_sampling": 3021.5322265625,
      "tex_slat_sampling": 1923.199951171875,
      "latent_decoding": 963.1907958984375,
      "mesh_simplify": 1.2731839418411255,
      "pbr_render": 2974.58837890625,
      "glb_export": 6097.8232421875,
      "glb_fill_holes": 11.823871612548828,
      "glb_bvh": 1022.5414428710938,
      "glb_remesh": 621.3582153320312,
      "glb_uv_unwrap": 2197.6513671875,
      "glb_texture_bake": 1474.0736083984375,
      "glb_finalize": 761.9403686523438,
      "total": 19035.89096081257
    },
    {
      "preprocessing": 31.97248077392578,
      "cond_extraction": 780.996826171875,
      "sparse_sampling": 3287.266357421875,
      "shape_slat_sampling": 3013.181640625,
      "tex_slat_sampling": 1952.458740234375,
      "latent_decoding": 925.9776000976562,
      "mesh_simplify": 1.3042880296707153,
      "pbr_render": 2996.646728515625,
      "glb_export": 5626.6044921875,
      "glb_fill_holes": 11.448448181152344,
      "glb_bvh": 1043.0224609375,
      "glb_remesh": 554.8427734375,
      "glb_uv_unwrap": 1771.3970947265625,
      "glb_texture_bake": 1485.114013671875,
      "glb_finalize": 753.6558227539062,
      "total": 18616.409154057503
    }
  ]
}