{
  "config": {
    "resolution": "512",
    "pbr_views": 8,
    "pbr_resolution": 1024,
    "texture_size": 1024,
    "decimation_target": 500000,
    "iterations": 5
  },
  "warmup": {
    "preprocessing": 135.58230590820312,
    "cond_extraction": 1901.6834716796875,
    "sparse_sampling": 3579.05419921875,
    "shape_slat_sampling": 3217.5361328125,
    "tex_slat_sampling": 2152.332275390625,
    "latent_decoding": 1189.1220703125,
    "mesh_simplify": 1.2707840204238892,
    "pbr_render": 4935.20654296875,
    "glb_export": 6136.97509765625,
    "glb_fill_holes": 9.644031524658203,
    "glb_bvh": 1058.3558349609375,
    "glb_remesh": 550.0564575195312,
    "glb_uv_unwrap": 2023.23681640625,
    "glb_texture_bake": 1545.5703125,
    "glb_finalize": 944.80712890625,
    "total": 23248.76287996769,
    "peak_memory_gb": 6.403494834899902
  },
  "average": {
    "preprocessing": 17.028535842895508,
    "cond_extraction": 781.0406799316406,
    "sparse_sampling": 3295.7969360351562,
    "shape_slat_sampling": 3019.349365234375,
    "tex_slat_sampling": 2015.82763671875,
    "latent_decoding": 788.2402496337891,
    "mesh_simplify": 1.3148880004882812,
    "pbr_render": 4409.0498046875,
    "glb_export": 5795.3076171875,
    "glb_fill_holes": 10.066927909851074,
    "glb_bvh": 1022.9725189208984,
    "glb_remesh": 571.8822479248047,
    "glb_uv_unwrap": 1974.9104309082031,
    "glb_texture_bake": 1466.1820373535156,
    "glb_finalize": 743.6857604980469,
    "total": 20122.955713272095,
    "peak_memory_gb": 2.810556411743164
  },
  "iterations": [
    {
      "preprocessing": 15.430015563964844,
      "cond_extraction": 752.1570434570312,
      "sparse_sampling": 3398.318115234375,
      "shape_slat_sampling": 3112.42919921875,
      "tex_slat_sampling": 2036.9981689453125,
      "latent_decoding": 812.9617919921875,
      "mesh_simplify": 1.3714239597320557,
      "pbr_render": 4349.83251953125,
      "glb_export": 5695.7431640625,
      "glb_fill_holes": 10.042367935180664,
      "glb_bvh": 1002.0035400390625,
      "glb_remesh": 568.77587890625,
      "glb_uv_unwrap": 1906.8795166015625,
      "glb_texture_bake": 1442.6688232421875,
      "glb_finalize": 759.3875732421875,
      "total": 20175.241441965103
    },
    {
      "preprocessing": 19.033472061157227,
      "cond_extraction": 809.659912109375,
      "sparse_sampling": 3248.923583984375,
      "shape_slat_sampling": 2998.086669921875,
      "tex_slat_sampling": 1920.5455322265625,
      "latent_decoding": 779.3644409179688,
      "mesh_simplify": 1.3127679824829102,
      "pbr_render": 4430.259765625,
      "glb_export": 5693.59619140625,
      "glb_fill_holes": 10.037088394165039,
      "glb_bvh": 1060.102294921875,
      "glb_remesh": 578.1002197265625,
      "glb_uv_unwrap": 1883.71630859375,
      "glb_texture_bake": 1404.9447021484375,
      "glb_finalize": 750.940185546875,
      "total": 19900.782336235046
    },
    {
      "preprocessing": 17.660703659057617,
      "cond_extraction": 854.7105712890625,
      "sparse_sampling": 3235.87255859375,
      "shape_slat_sampling": 2965.635498046875,
      "tex_slat_sampling": 2107.69091796875,
      "latent_decoding": 781.9049072265625,
      "mesh_simplify": 1.3383680582046509,
      "pbr_render": 4270.01025390625,
      "glb_export": 5872.673828125,
      "glb_fill_holes": 10.136575698852539,
      "glb_bvh": 1014.5684204101562,
      "glb_remesh": 573.35791015625,
      "glb_uv_unwrap": 2005.57470703125,
      "glb_texture_bake": 1542.614990234375,
      "glb_finalize": 721.0582885742188,
      "total": 20107.497606873512
    },
    {
      "preprocessing": 15.989952087402344,
      "cond_extraction": 707.6351928710938,
      "sparse_sampling": 3300.073486328125,
      "shape_slat_sampling": 3001.24609375,
      "tex_slat_sampling": 1998.075927734375,
      "latent_decoding": 778.7298583984375,
      "mesh_simplify": 1.2369920015335083,
      "pbr_render": 4586.0966796875,
      "glb_export": 5919.21728515625,
      "glb_fill_holes": 10.051679611206055,
      "glb_bvh": 1015.2158203125,
      "glb_remesh": 567.2949829101562,
      "glb_uv_unwrap": 2103.47119140625,
      "glb_texture_bake": 1474.4996337890625,
      "glb_finalize": 743.3569946289062,
      "total": 20308.301468014717
    }
  ]
}